protocolo,tempo_total_s,vazao_mbps,total_pacotes_dados_enviados,total_pacotes_uteis,total_retransmissoes,total_acks_enviados,total_acks_recebidos,total_dup_acks,total_timeouts,pacotes_perdidos_dados,pacotes_perdidos_ack,taxa_perda_observada,eficiencia_dados_controle,bytes_dados_uteis,bytes_confirmados_ack,bytes_total_na_rede,overhead_pct,rtt_medio_ms,rtt_desvio_ms,rtt_min_ms,rtt_max_ms,rtt_mediana_ms,rtt_p95_ms,rtt_p99_ms,jitter_medio_ms,jitter_desvio_ms,jitter_max_ms,fast_retransmits,timeout_retransmits,slow_start_exits,rto_final_s,cwnd_final,ssthresh_final,cenario,delay_ms,taxa_perda_config,execucao_id,seed,janela_fixa
TCP,1.32181,60.5231,10240,10240,0,10240,10240,0,0,0,0,0.0,0.333333,10485760,10485760,11038720,5.27,22.7649,0.7265,18.3188,25.5433,22.73,24.0237,24.5406,0.1625,0.277,4.8078,0,0,0,0.2,10250,65535,A,10,0.0,1,1781,
TCP,1.325049,60.3751,10240,10240,0,10240,10240,0,0,0,0,0.0,0.333333,10485760,10485760,11038720,5.27,22.7826,0.7187,18.6356,25.5476,22.7418,24.0268,24.6587,0.1618,0.2764,4.0936,0,0,0,0.2,10250,65535,A,10,0.0,2,1782,
TCP,1.329381,60.1784,10240,10240,0,10240,10240,0,0,0,0,0.0,0.333333,10485760,10485760,11038720,5.27,22.8189,0.77,17.6716,26.14,22.7603,24.1794,24.7987,0.161,0.2771,6.5941,0,0,0,0.2,10250,65535,A,10,0.0,3,1783,
TCP,1.329887,60.1555,10240,10240,0,10240,10240,0,0,0,0,0.0,0.333333,10485760,10485760,11038720,5.27,22.7979,0.7631,17.5448,26.2473,22.7552,24.1351,24.7876,0.1598,0.268,3.5048,0,0,0,0.2,10250,65535,A,10,0.0,4,1784,
TCP,1.326712,60.2994,10240,10240,0,10240,10240,0,0,0,0,0.0,0.333333,10485760,10485760,11038720,5.27,22.7999,0.7559,18.574,26.6211,22.7376,24.1034,24.7998,0.1622,0.2806,4.8693,0,0,0,0.2,10250,65535,A,10,0.0,5,1785,
TCP,1.325351,60.3614,10240,10240,0,10240,10240,0,0,0,0,0.0,0.333333,10485760,10485760,11038720,5.27,22.7548,0.7462,17.9409,26.6785,22.6988,24.0545,24.7964,0.1623,0.2807,4.9931,0,0,0,0.2,10250,65535,A,10,0.0,6,1786,
TCP,1.333158,60.0079,10240,10240,0,10240,10240,0,0,0,0,0.0,0.333333,10485760,10485760,11038720,5.27,22.7982,0.7449,19.2323,25.5493,22.7403,24.1169,24.6875,0.1601,0.2737,4.2384,0,0,0,0.2,10250,65535,A,10,0.0,7,1787,
TCP,1.337784,59.8004,10240,10240,0,10240,10240,0,0,0,0,0.0,0.333333,10485760,10485760,11038720,5.27,22.7592,0.7494,19.8626,26.3214,22.7002,24.1024,24.7918,0.1598,0.2708,3.8917,0,0,0,0.2,10250,65535,A,10,0.0,8,1788,
TCP,1.325656,60.3475,10240,10240,0,10240,10240,0,0,0,0,0.0,0.333333,10485760,10485760,11038720,5.27,22.7492,0.7249,17.6085,25.8986,22.7026,24.0098,24.6075,0.1603,0.2744,3.9435,0,0,0,0.2,10250,65535,A,10,0.0,9,1789,
TCP,1.332523,60.0365,10240,10240,0,10240,10240,0,0,0,0,0.0,0.333333,10485760,10485760,11038720,5.27,22.827,0.758,16.5493,26.6233,22.7624,24.1445,24.9523,0.1632,0.2965,6.6429,0,0,0,0.2,10250,65535,A,10,0.0,10,1790,
TCP,1.331632,60.0766,10240,10240,0,10240,10240,0,0,0,0,0.0,0.333333,10485760,10485760,11038720,5.27,22.7653,0.7184,18.6426,25.8071,22.7003,24.0245,24.8115,0.1596,0.2686,3.9085,0,0,0,0.2,10250,65535,A,10,0.0,11,1791,
TCP,1.32548,60.3555,10240,10240,0,10240,10240,0,0,0,0,0.0,0.333333,10485760,10485760,11038720,5.27,22.7657,0.7804,17.1565,26.9483,22.7127,24.098,24.8877,0.1619,0.2862,4.5341,0,0,0,0.2,10250,65535,A,10,0.0,12,1792,
TCP,1.32493,60.3805,10240,10240,0,10240,10240,0,0,0,0,0.0,0.333333,10485760,10485760,11038720,5.27,22.7721,0.7968,17.8565,26.6385,22.7181,24.1588,24.889,0.1623,0.2795,4.4779,0,0,0,0.2,10250,65535,A,10,0.0,13,1793,
TCP,1.33071,60.1183,10240,10240,0,10240,10240,0,0,0,0,0.0,0.333333,10485760,10485760,11038720,5.27,22.7785,0.7369,18.7712,25.9261,22.7242,24.091,24.7556,0.1594,0.2703,3.8792,0,0,0,0.2,10250,65535,A,10,0.0,14,1794,
TCP,1.327172,60.2786,10240,10240,0,10240,10240,0,0,0,0,0.0,0.333333,10485760,10485760,11038720,5.27,22.8318,0.7602,18.8359,25.996,22.7856,24.1658,24.8184,0.1616,0.277,3.4794,0,0,0,0.2,10250,65535,A,10,0.0,15,1795,
TCP,1.344656,59.4948,10240,10240,0,10240,10240,0,0,0,0,0.0,0.333333,10485760,10485760,11038720,5.27,22.7702,0.762,19.3261,25.8427,22.713,24.1388,24.8044,0.16,0.2785,5.782,0,0,0,0.2,10250,65535,A,10,0.0,16,1796,
TCP,1.326834,60.2939,10240,10240,0,10240,10240,0,0,0,0,0.0,0.333333,10485760,10485760,11038720,5.27,22.7677,0.7539,19.1941,25.8186,22.7058,24.1031,24.7726,0.1599,0.2744,4.4608,0,0,0,0.2,10250,65535,A,10,0.0,17,1797,
TCP,1.321705,60.5279,10240,10240,0,10240,10240,0,0,0,0,0.0,0.333333,10485760,10485760,11038720,5.27,22.7359,0.7435,17.3432,25.6057,22.692,24.0152,24.671,0.1634,0.2911,5.4451,0,0,0,0.2,10250,65535,A,10,0.0,18,1798,
TCP,1.326159,60.3246,10240,10240,0,10240,10240,0,0,0,0,0.0,0.333333,10485760,10485760,11038720,5.27,22.7785,0.7778,17.1496,25.6248,22.7378,24.1226,24.7288,0.1628,0.2803,4.1895,0,0,0,0.2,10250,65535,A,10,0.0,19,1799,
TCP,1.330556,60.1252,10240,10240,0,10240,10240,0,0,0,0,0.0,0.333333,10485760,10485760,11038720,5.27,22.7198,0.7574,18.1293,25.718,22.6661,24.0443,24.6588,0.1603,0.2767,4.8512,0,0,0,0.2,10250,65535,A,10,0.0,20,1800,
TCP,1.334522,59.9465,10240,10240,0,10240,10240,0,0,0,0,0.0,0.333333,10485760,10485760,11038720,5.27,22.7785,0.7615,18.0616,26.052,22.7118,24.1578,24.9321,0.1593,0.2756,4.1867,0,0,0,0.2,10250,65535,A,10,0.0,21,1801,
TCP,1.331755,60.0711,10240,10240,0,10240,10240,0,0,0,0,0.0,0.333333,10485760,10485760,11038720,5.27,22.754,0.78,19.3287,26.4651,22.6986,24.1324,24.823,0.1596,0.2685,4.3085,0,0,0,0.2,10250,65535,A,10,0.0,22,1802,
TCP,1.330739,60.117,10240,10240,0,10240,10240,0,0,0,0,0.0,0.333333,10485760,10485760,11038720,5.27,22.7201,0.7434,19.0354,25.7192,22.666,24.0118,24.6251,0.1603,0.2686,3.8132,0,0,0,0.2,10250,65535,A,10,0.0,23,1803,
TCP,1.329743,60.162,10240,10240,0,10240,10240,0,0,0,0,0.0,0.333333,10485760,10485760,11038720,5.27,22.821,0.7494,18.7185,25.7782,22.7742,24.1283,24.7078,0.1605,0.2711,3.1341,0,0,0,0.2,10250,65535,A,10,0.0,24,1804,
TCP,1.329032,60.1942,10240,10240,0,10240,10240,0,0,0,0,0.0,0.333333,10485760,10485760,11038720,5.27,22.7743,0.7389,18.8427,25.225,22.7232,24.0866,24.6417,0.1617,0.2814,4.1985,0,0,0,0.2,10250,65535,A,10,0.0,25,1805,
TCP,1.323842,60.4302,10240,10240,0,10240,10240,0,0,0,0,0.0,0.333333,10485760,10485760,11038720,5.27,22.7924,0.7939,17.6922,26.1259,22.746,24.1528,24.9214,0.1622,0.2891,7.4008,0,0,0,0.2,10250,65535,A,10,0.0,26,1806,
TCP,1.322088,60.5103,10240,10240,0,10240,10240,0,0,0,0,0.0,0.333333,10485760,10485760,11038720,5.27,22.7296,0.714,18.5453,25.5186,22.6869,23.9707,24.5485,0.1616,0.2703,4.4685,0,0,0,0.2,10250,65535,A,10,0.0,27,1807,
TCP,1.32944,60.1757,10240,10240,0,10240,10240,0,0,0,0,0.0,0.333333,10485760,10485760,11038720,5.27,22.7446,0.7517,18.5304,25.5497,22.7071,24.0564,24.6392,0.1597,0.2703,4.2429,0,0,0,0.2,10250,65535,A,10,0.0,28,1808,
TCP,1.341139,59.6508,10240,10240,0,10240,10240,0,0,0,0,0.0,0.333333,10485760,10485760,11038720,5.27,22.7508,0.7359,18.2782,25.5889,22.7061,24.0198,24.7031,0.1591,0.2694,5.073,0,0,0,0.2,10250,65535,A,10,0.0,29,1809,
TCP,1.325535,60.353,10240,10240,0,10240,10240,0,0,0,0,0.0,0.333333,10485760,10485760,11038720,5.27,22.8262,0.7502,17.7075,26.2534,22.7776,24.1352,24.8162,0.1625,0.2805,5.4711,0,0,0,0.2,10250,65535,A,10,0.0,30,1810,
R-UDP,21.30258,3.7554,10240,10240,0,10240,10240,0,0,0,0,0.0,0.333333,10485760,10485760,11489280,9.57,20.7109,1.3113,15.7614,25.7064,20.7442,22.8333,23.6258,1.1216,1.0421,7.0156,,,,,,,A,10,0.0,1,1781,10
R-UDP,21.313026,3.7536,10240,10240,0,10240,10240,0,0,0,0,0.0,0.333333,10485760,10485760,11489280,9.57,20.714,1.3271,15.6934,25.3746,20.7409,22.8921,23.6926,1.1208,1.0415,6.6997,,,,,,,A,10,0.0,2,1782,10
R-UDP,21.277037,3.7599,10240,10240,0,10240,10240,0,0,0,0,0.0,0.333333,10485760,10485760,11489280,9.57,20.6829,1.3121,15.6175,24.9913,20.7088,22.8049,23.642,1.1269,1.0335,7.4029,,,,,,,A,10,0.0,3,1783,10
R-UDP,21.303854,3.7552,10240,10240,0,10240,10240,0,0,0,0,0.0,0.333333,10485760,10485760,11489280,9.57,20.7124,1.3225,14.339,26.0183,20.7272,22.8827,23.6827,1.1248,1.0436,7.8383,,,,,,,A,10,0.0,4,1784,10
R-UDP,21.308002,3.7545,10240,10240,0,10240,10240,0,0,0,0,0.0,0.333333,10485760,10485760,11489280,9.57,20.7121,1.3263,15.467,25.5341,20.7193,22.8801,23.8525,1.1257,1.0442,6.7203,,,,,,,A,10,0.0,5,1785,10
R-UDP,21.281632,3.7591,10240,10240,0,10240,10240,0,0,0,0,0.0,0.333333,10485760,10485760,11489280,9.57,20.6935,1.3034,16.044,25.6441,20.7246,22.7651,23.7224,1.1228,1.0375,6.8308,,,,,,,A,10,0.0,6,1786,10
R-UDP,21.286809,3.7582,10240,10240,0,10240,10240,0,0,0,0,0.0,0.333333,10485760,10485760,11489280,9.57,20.6978,1.3217,15.619,25.8498,20.6986,22.8436,23.6843,1.1483,1.0436,6.559,,,,,,,A,10,0.0,7,1787,10
R-UDP,21.286611,3.7582,10240,10240,0,10240,10240,0,0,0,0,0.0,0.333333,10485760,10485760,11489280,9.57,20.6905,1.3009,15.0249,25.5643,20.7266,22.8008,23.6268,1.1279,1.0358,6.5148,,,,,,,A,10,0.0,8,1788,10
R-UDP,21.287336,3.7581,10240,10240,0,10240,10240,0,0,0,0,0.0,0.333333,10485760,10485760,11489280,9.57,20.6942,1.3079,15.2834,26.1733,20.7112,22.7927,23.7117,1.1155,1.0468,7.4596,,,,,,,A,10,0.0,9,1789,10
R-UDP,21.282012,3.759,10240,10240,0,10240,10240,0,0,0,0,0.0,0.333333,10485760,10485760,11489280,9.57,20.6913,1.3402,15.7824,25.6147,20.6993,22.8543,23.8102,1.1375,1.0551,7.1869,,,,,,,A,10,0.0,10,1790,10
R-UDP,21.298453,3.7561,10240,10240,0,10240,10240,0,0,0,0,0.0,0.333333,10485760,10485760,11489280,9.57,20.7071,1.3053,15.4838,25.3863,20.7252,22.7938,23.7334,1.1167,1.0338,7.8456,,,,,,,A,10,0.0,11,1791,10
R-UDP,21.294609,3.7568,10240,10240,0,10240,10240,0,0,0,0,0.0,0.333333,10485760,10485760,11489280,9.57,20.703,1.3292,14.9689,25.8401,20.7234,22.8561,23.8046,1.1265,1.0321,7.263,,,,,,,A,10,0.0,12,1792,10
R-UDP,21.300816,3.7557,10240,10240,0,10240,10240,0,0,0,0,0.0,0.333333,10485760,10485760,11489280,9.57,20.7066,1.3227,15.321,25.339,20.7213,22.8553,23.7872,1.1247,1.0447,7.0595,,,,,,,A,10,0.0,13,1793,10
R-UDP,21.312641,3.7536,10240,10240,0,10240,10240,0,0,0,0,0.0,0.333333,10485760,10485760,11489280,9.57,20.7231,1.325,15.0106,25.4801,20.7571,22.8692,23.6503,1.1204,1.0471,6.8978,,,,,,,A,10,0.0,14,1794,10
R-UDP,21.333054,3.75,10240,10240,0,10240,10240,0,0,0,0,0.0,0.333333,10485760,10485760,11489280,9.57,20.7395,1.3143,15.9517,25.6937,20.7545,22.8615,23.7653,1.127,1.0545,6.1615,,,,,,,A,10,0.0,15,1795,10
R-UDP,21.289429,3.7577,10240,10240,0,10240,10240,0,0,0,0,0.0,0.333333,10485760,10485760,11489280,9.57,20.6986,1.3077,15.2375,25.4523,20.7054,22.9093,23.8442,1.1016,1.0448,7.2441,,,,,,,A,10,0.0,16,1796,10
R-UDP,21.289617,3.7577,10240,10240,0,10240,10240,0,0,0,0,0.0,0.333333,10485760,10485760,11489280,9.57,20.6973,1.3182,15.9002,25.6525,20.6977,22.8293,23.7357,1.1181,1.0353,8.5964,,,,,,,A,10,0.0,17,1797,10
R-UDP,21.275398,3.7602,10240,10240,0,10240,10240,0,0,0,0,0.0,0.333333,10485760,10485760,11489280,9.57,20.6811,1.3015,14.006,24.9735,20.6904,22.8016,23.6668,1.1106,1.0155,7.5172,,,,,,,A,10,0.0,18,1798,10
R-UDP,21.309811,3.7541,10240,10240,0,10240,10240,0,0,0,0,0.0,0.333333,10485760,10485760,11489280,9.57,20.7148,1.3106,15.3897,25.4571,20.7515,22.8069,23.656,1.1166,1.046,7.4248,,,,,,,A,10,0.0,19,1799,10
R-UDP,21.257661,3.7633,10240,10240,0,10240,10240,0,0,0,0,0.0,0.333333,10485760,10485760,11489280,9.57,20.6644,1.313,14.992,25.2505,20.6889,22.8124,23.672,1.1322,1.0543,7.3225,,,,,,,A,10,0.0,20,1800,10
R-UDP,21.290152,3.7576,10240,10240,0,10240,10240,0,0,0,0,0.0,0.333333,10485760,10485760,11489280,9.57,20.6959,1.3203,15.7844,26.4217,20.7153,22.8245,23.7219,1.1117,1.0325,6.6207,,,,,,,A,10,0.0,21,1801,10
R-UDP,21.284432,3.7586,10240,10240,0,10240,10240,0,0,0,0,0.0,0.333333,10485760,10485760,11489280,9.57,20.6898,1.3085,15.8258,25.1957,20.6892,22.8168,23.7088,1.1232,1.0277,7.7024,,,,,,,A,10,0.0,22,1802,10
R-UDP,21.309946,3.7541,10240,10240,0,10240,10240,0,0,0,0,0.0,0.333333,10485760,10485760,11489280,9.57,20.7134,1.2953,15.2341,26.0206,20.7379,22.7899,23.6529,1.0979,1.0255,7.7732,,,,,,,A,10,0.0,23,1803,10
R-UDP,21.326605,3.7512,10240,10240,0,10240,10240,0,0,0,0,0.0,0.333333,10485760,10485760,11489280,9.57,20.7318,1.328,15.0795,25.1924,20.751,22.9144,23.8557,1.1157,1.0357,6.856,,,,,,,A,10,0.0,24,1804,10
R-UDP,21.279143,3.7595,10240,10240,0,10240,10240,0,0,0,0,0.0,0.333333,10485760,10485760,11489280,9.57,20.6877,1.3326,15.7956,25.936,20.6985,22.8455,23.6534,1.1249,1.0403,6.5751,,,,,,,A,10,0.0,25,1805,10
R-UDP,21.298766,3.7561,10240,10240,0,10240,10240,0,0,0,0,0.0,0.333333,10485760,10485760,11489280,9.57,20.7063,1.3121,15.0466,25.3765,20.7347,22.8314,23.7085,1.1298,1.0445,6.9625,,,,,,,A,10,0.0,26,1806,10
R-UDP,21.304153,3.7551,10240,10240,0,10240,10240,0,0,0,0,0.0,0.333333,10485760,10485760,11489280,9.57,20.711,1.3285,14.8137,25.7847,20.7265,22.8402,23.6676,1.1139,1.0222,6.6459,,,,,,,A,10,0.0,27,1807,10
R-UDP,21.267105,3.7617,10240,10240,0,10240,10240,0,0,0,0,0.0,0.333333,10485760,10485760,11489280,9.57,20.6766,1.3345,15.7744,25.779,20.6856,22.8619,23.7935,1.1162,1.0337,6.5565,,,,,,,A,10,0.0,28,1808,10
R-UDP,21.296039,3.7566,10240,10240,0,10240,10240,0,0,0,0,0.0,0.333333,10485760,10485760,11489280,9.57,20.703,1.3116,15.5199,25.3324,20.725,22.8197,23.717,1.1079,1.0398,7.3898,,,,,,,A,10,0.0,29,1809,10
R-UDP,21.349073,3.7472,10240,10240,0,10240,10240,0,0,0,0,0.0,0.333333,10485760,10485760,11489280,9.57,20.7487,1.3418,15.9181,25.3571,20.7609,22.9351,23.8378,1.1305,1.0566,6.6224,,,,,,,A,10,0.0,30,1810,10
TCP,616.622757,0.1297,11485,10240,1245,10352,9330,4036,566,1133,1022,0.098686,0.368499,10485760,10485760,12380830,18.07,106.5914,8.7091,77.7363,217.8081,106.8202,117.2788,122.5546,5.0036,9.1602,112.791,679,566,0,0.2,8.67,4.34,B,50,0.1,1,5862,
TCP,1131.393691,0.0707,11517,10240,1277,10360,9303,4050,590,1157,1057,0.101202,0.369371,10485760,10485760,12415326,18.4,106.8174,8.4345,73.277,211.4985,107.1432,117.2184,120.6979,4.9373,8.8344,111.491,687,590,0,3.2,4,2,B,50,0.1,2,5863,
TCP,634.350704,0.1261,11502,10240,1262,10345,9302,3987,584,1157,1043,0.1007,0.369257,10485760,10485760,12399156,18.25,106.4051,8.7731,78.7636,215.1817,106.6757,117.2689,121.5584,5.0893,9.1763,112.5696,678,584,0,0.2,10.27,2,B,50,0.1,3,5864,
TCP,827.648183,0.0967,11507,10240,1267,10355,9324,4027,584,1152,1031,0.099854,0.36898,10485760,10485760,12404546,18.3,106.6194,7.559,79.0765,218.942,107.0395,116.5103,121.533,4.6055,7.4322,117.525,683,584,0,0.2,9.94,4.83,B,50,0.1,4,5865,
TCP,976.174944,0.082,11513,10240,1273,10333,9339,4169,556,1180,994,0.099515,0.369184,10485760,10485760,12411014,18.36,106.6387,8.0521,78.4703,212.4307,106.8891,117.0899,121.227,4.8283,8.1262,114.7091,717,556,0,0.2,10.21,3.94,B,50,0.1,5,5866,
TCP,670.505391,0.1193,11530,10240,1290,10352,9307,4064,598,1178,1045,0.10159,0.369682,10485760,10485760,12429340,18.54,106.6634,8.1605,81.5027,225.5667,107.1064,117.1856,122.3844,4.7975,8.154,125.7551,692,598,0,0.2,8.05,4.51,B,50,0.1,6,5867,
TCP,822.419964,0.0973,11501,10240,1261,10355,9300,4051,570,1146,1055,0.100705,0.369142,10485760,10485760,12398078,18.24,106.4914,7.7523,77.8012,211.5318,106.7465,117.052,121.9463,4.6407,7.6099,118.3248,691,570,0,0.2,6.49,2.5,B,50,0.1,7,5868,
TCP,921.341653,0.0868,11503,10240,1263,10358,9300,4035,572,1145,1058,0.100773,0.369147,10485760,10485760,12400234,18.26,106.2686,7.912,79.3538,211.8898,106.533,117.0301,120.6953,4.7393,7.7655,110.1924,691,572,0,0.2,12.33,4.35,B,50,0.1,8,5869,
TCP,866.353917,0.0923,11476,10240,1236,10363,9263,3943,579,1113,1100,0.101332,0.368979,10485760,10485760,12371128,17.98,106.8538,7.8674,78.4293,212.5572,107.137,117.2768,123.158,4.6666,7.8256,110.5741,657,579,0,6.4,2,2.5,B,50,0.1,9,5870,
TCP,650.025918,0.1231,11469,10240,1229,10342,9340,4134,529,1127,1002,0.097611,0.368174,10485760,10485760,12363582,17.91,106.411,8.0797,75.8815,212.2945,106.6572,116.9155,121.4289,4.8495,8.3668,117.0131,700,529,0,0.4,8,3.58,B,50,0.1,10,5871,
TCP,748.687812,0.1069,11448,10240,1208,10343,9338,4001,544,1105,1005,0.096829,0.36776,10485760,10485760,12340944,17.69,106.6502,7.975,80.2107,205.7268,106.9536,117.1046,122.0579,4.765,7.9347,110.0843,664,544,0,0.2,8.49,4.85,B,50,0.1,11,5872,
TCP,770.684454,0.1038,11540,10240,1300,10359,9331,4094,600,1181,1028,0.100872,0.369516,10485760,10485760,12440120,18.64,106.4889,7.6623,79.4705,214.6942,106.962,117.2558,122.2714,4.7029,7.2852,108.0592,700,600,0,0.4,2,4.04,B,50,0.1,12,5873,
TCP,740.149207,0.1081,11483,10240,1243,10349,9334,4013,559,1134,1015,0.098433,0.368446,10485760,10485760,12378674,18.05,106.5812,7.9357,76.3011,204.8796,107.1438,117.2019,120.7659,4.7687,8.0479,104.4013,684,559,0,0.4,4,4.84,B,50,0.1,13,5874,
TCP,890.880511,0.0898,11481,10240,1241,10362,9278,3966,580,1119,1084,0.100856,0.368915,10485760,10485760,12376518,18.03,106.5455,8.2454,78.2261,217.6531,106.71,117.0751,121.585,4.736,8.459,116.3419,661,580,0,0.4,4,4.12,B,50,0.1,14,5875,
TCP,883.077641,0.0906,11470,10240,1230,10345,9328,3985,564,1125,1017,0.098189,0.368301,10485760,10485760,12364660,17.92,106.7925,8.522,72.454,225.8119,106.9485,117.2233,121.3866,4.8907,8.9799,123.1666,666,564,0,0.2,8.36,4.11,B,50,0.1,15,5876,
TCP,715.470771,0.1118,11456,10240,1216,10345,9319,4005,547,1111,1026,0.098023,0.368123,10485760,10485760,12349568,17.77,106.6099,8.7141,76.4539,218.0565,106.6289,117.1657,121.8303,5.0627,9.4509,125.958,669,547,0,0.8,2,2,B,50,0.1,16,5877,
TCP,758.921549,0.1054,11498,10240,1258,10364,9348,3967,585,1134,1016,0.098344,0.368408,10485760,10485760,12394844,18.21,106.3869,7.2679,78.3154,197.1792,106.8341,117.052,121.7467,4.4824,6.4798,98.3349,673,585,0,0.2,11.08,5.32,B,50,0.1,17,5878,
TCP,815.766616,0.0981,11459,10240,1219,10341,9309,4000,561,1118,1032,0.098624,0.36835,10485760,10485760,12352802,17.81,106.5802,7.7188,78.258,225.5972,106.9663,117.5483,120.8061,4.7525,7.2181,124.1134,658,561,0,0.8,5,3.5,B,50,0.1,18,5879,
TCP,638.736842,0.1252,11479,10240,1239,10338,9346,4039,564,1141,992,0.097768,0.368353,10485760,10485760,12374362,18.01,106.5968,7.7613,79.4778,217.93,106.9583,117.013,121.2833,4.7613,7.7036,113.8965,675,564,0,0.8,2,2,B,50,0.1,19,5880,
TCP,964.866527,0.0829,11517,10240,1277,10363,9359,4028,601,1154,1004,0.098629,0.368674,10485760,10485760,12415326,18.4,106.4254,7.5802,75.4614,217.2949,106.9407,116.6767,120.8814,4.6392,7.4219,123.7699,676,601,0,0.2,10.96,3.92,B,50,0.1,20,5881,
TCP,812.888261,0.0984,11460,10240,1220,10335,9303,4030,544,1125,1032,0.098968,0.368512,10485760,10485760,12353880,17.82,106.8673,8.5142,81.4392,217.5839,107.0592,117.6499,122.3053,4.8967,9.0131,117.8073,676,544,0,0.8,2,2,B,50,0.1,21,5882,
TCP,852.833886,0.0938,11545,10240,1305,10346,9338,4059,606,1199,1008,0.100818,0.369688,10485760,10485760,12445510,18.69,106.5446,8.4037,68.2536,204.7337,107.074,117.6775,122.2369,5.0475,8.6238,105.7128,699,606,0,3.2,3,2,B,50,0.1,22,5883,
TCP,820.136603,0.0975,11491,10240,1251,10349,9313,3958,581,1142,1036,0.099725,0.368857,10485760,10485760,12387298,18.13,106.5993,7.9808,76.9034,212.5954,106.945,117.1471,121.6318,4.8944,8.0239,119.8658,670,581,0,0.8,5,3.5,B,50,0.1,23,5884,
TCP,687.83501,0.1163,11423,10240,1183,10328,9379,4189,502,1095,949,0.093973,0.366945,10485760,10485760,12313994,17.44,106.7743,7.8598,78.0156,218.8107,107.4582,117.1638,120.8683,4.7951,7.716,117.9987,681,502,0,12.8,4,2,B,50,0.1,24,5885,
TCP,1463.012334,0.0547,11585,10240,1345,10396,9346,4119,643,1189,1050,0.101861,0.369809,10485760,10485760,12488630,19.1,106.6747,8.4927,76.1367,226.5206,106.8705,117.4342,121.8155,4.8167,8.9539,126.9213,702,643,0,0.2,8.39,2.5,B,50,0.1,25,5886,
TCP,883.988737,0.0905,11509,10240,1269,10361,9304,4045,585,1148,1057,0.100823,0.369186,10485760,10485760,12406702,18.32,106.6361,8.1085,78.5026,219.43,107.0223,116.7708,120.8086,4.8052,8.4455,128.1629,684,585,0,0.2,4.71,2,B,50,0.1,26,5887,
TCP,821.069788,0.0974,11541,10240,1301,10344,9324,4164,594,1197,1020,0.101302,0.369797,10485760,10485760,12441198,18.65,106.585,7.7334,76.0095,209.4695,107.1699,116.9888,121.6393,4.6786,7.4961,109.5627,707,594,0,0.2,7.63,2,B,50,0.1,27,5888,
TCP,835.52992,0.0957,11515,10240,1275,10360,9296,3973,609,1155,1064,0.10144,0.369414,10485760,10485760,12413170,18.38,106.6254,8.2778,82.5874,223.3587,106.8016,116.9622,121.6816,4.837,8.8186,123.715,666,609,0,0.8,7.58,3.5,B,50,0.1,28,5889,
TCP,685.394813,0.1167,11451,10240,1211,10339,9282,4063,533,1112,1057,0.099541,0.368531,10485760,10485760,12344178,17.72,106.5831,7.3946,71.7799,210.3444,107.0499,117.0652,121.2903,4.5829,7.0853,107.6381,678,533,0,0.4,3,4.33,B,50,0.1,29,5890,
TCP,828.093162,0.0966,11557,10240,1317,10372,9318,3994,635,1185,1054,0.102102,0.36986,10485760,10485760,12458446,18.81,106.9372,7.486,77.82,204.9433,107.2085,117.0276,120.746,4.4505,7.1883,115.725,682,635,0,1.6,2,2,B,50,0.1,30,5891,
R-UDP,320.030567,0.25,21875,10240,11635,19620,17674,8375,1165,2255,1946,0.101241,0.369704,10485760,10485760,24543750,134.07,107.6039,8.9409,1.6536,222.1707,107.9809,118.4313,122.7181,4.3018,7.8361,122.5201,,,,,,,B,50,0.1,1,5862,10
R-UDP,326.713521,0.2449,22080,10240,11840,19816,17810,8461,1184,2264,2006,0.101919,0.369812,10485760,10485760,24773760,136.26,107.6664,9.2486,0.8555,227.6754,108.3795,118.1721,122.1547,4.3732,8.3073,132.1864,,,,,,,B,50,0.1,2,5863,10
R-UDP,321.816608,0.2486,21902,10240,11662,19694,17692,8363,1167,2208,2002,0.101212,0.369417,10485760,10485760,24574044,134.36,107.4713,8.3061,0.7024,214.3083,108.0836,118.361,122.1794,4.2519,7.5473,117.5852,,,,,,,B,50,0.1,3,5864,10
R-UDP,317.260224,0.2522,21613,10240,11373,19445,17532,8184,1138,2168,1913,0.099396,0.368885,10485760,10485760,24249786,131.26,107.5752,9.0193,0.1662,220.4323,108.2905,118.2091,122.9843,4.302,7.9409,123.6664,,,,,,,B,50,0.1,4,5865,10
R-UDP,328.324,0.2437,22306,10240,12066,20006,18053,8709,1207,2300,1953,0.100515,0.369519,10485760,10485760,25027332,138.68,107.4899,8.8278,0.4621,207.2037,108.0863,118.4605,122.7922,4.2887,7.3412,117.6093,,,,,,,B,50,0.1,5,5866,10
R-UDP,318.879587,0.2509,21834,10240,11594,19603,17598,8305,1160,2231,2005,0.102227,0.369848,10485760,10485760,24497748,133.63,106.9951,10.6351,0.2999,219.428,107.8761,118.3905,123.6408,4.4838,8.5119,124.6812,,,,,,,B,50,0.1,6,5867,10
R-UDP,333.241716,0.2401,22420,10240,12180,20097,18141,8797,1218,2323,1956,0.100642,0.369613,10485760,10485760,25155240,139.9,107.7372,8.1848,78.1517,228.4624,108.1094,118.2757,121.8477,4.4163,8.1234,132.0915,,,,,,,B,50,0.1,7,5868,10
R-UDP,322.821673,0.2478,21634,10240,11394,19408,17488,8181,1140,2226,1920,0.101018,0.369622,10485760,10485760,24273348,131.49,107.5263,9.4344,2.6376,219.3274,108.1475,118.3081,122.0565,4.5204,9.0815,128.3284,,,,,,,B,50,0.1,8,5869,10
R-UDP,315.23021,0.2538,21606,10240,11366,19442,17489,8181,1137,2164,1953,0.100297,0.3691,10485760,10485760,24241932,131.19,107.5349,8.9391,2.8286,212.268,108.2148,118.5693,122.7832,4.356,7.7554,117.7987,,,,,,,B,50,0.1,9,5870,10
R-UDP,313.227129,0.2554,21472,10240,11232,19367,17453,8113,1124,2105,1914,0.098411,0.368352,10485760,10485760,24091584,129.76,107.5456,9.8144,0.1529,230.8225,108.2966,118.2571,122.8149,4.307,8.4937,133.1368,,,,,,,B,50,0.1,10,5871,10
R-UDP,308.03764,0.2597,21110,10240,10870,19036,17202,7854,1087,2074,1834,0.097345,0.368104,10485760,10485760,23685420,125.88,107.2317,10.3271,1.0222,217.4382,107.9996,118.2468,122.8758,4.3038,7.9517,113.6491,,,,,,,B,50,0.1,11,5872,10
R-UDP,317.882218,0.2517,21450,10240,11210,19316,17383,8066,1121,2134,1933,0.099765,0.36888,10485760,10485760,24066900,129.52,107.4692,9.244,2.5889,229.2356,108.2276,117.9732,121.6877,4.3239,7.967,127.3513,,,,,,,B,50,0.1,12,5873,10
R-UDP,308.184407,0.2596,21240,10240,11000,19136,17273,7909,1100,2104,1863,0.098251,0.368437,10485760,10485760,23831280,127.27,107.0381,11.4139,0.2731,221.9381,108.0144,118.2414,121.8607,4.5153,9.1911,121.0243,,,,,,,B,50,0.1,13,5874,10
R-UDP,310.821315,0.2574,21163,10240,10923,19088,17194,7877,1095,2075,1894,0.098606,0.368405,10485760,10485760,23744886,126.45,107.5367,9.9677,0.0452,221.0409,108.1234,118.7897,123.5907,4.5077,9.0793,132.9589,,,,,,,B,50,0.1,14,5875,10
R-UDP,329.342659,0.2429,22113,10240,11873,19873,17962,8567,1189,2240,1911,0.098866,0.36887,10485760,10485760,24810786,136.61,107.3647,9.9497,0.1762,230.3931,108.1685,118.2446,122.2127,4.3664,8.0278,131.1063,,,,,,,B,50,0.1,15,5876,10
R-UDP,320.193924,0.2498,21895,10240,11655,19705,17727,8409,1166,2190,1978,0.100192,0.369056,10485760,10485760,24566190,134.28,107.7133,9.4424,0.0269,223.0323,108.5141,118.1928,122.3673,4.2642,7.9754,127.1713,,,,,,,B,50,0.1,16,5877,10
R-UDP,323.514514,0.2473,22000,10240,11760,19727,17774,8418,1176,2273,1953,0.101277,0.369742,10485760,10485760,24684000,135.4,107.2744,10.265,0.0361,217.1416,107.9946,118.1245,123.0157,4.2357,7.8664,123.5486,,,,,,,B,50,0.1,17,5878,10
R-UDP,322.250943,0.2483,21708,10240,11468,19505,17644,8284,1148,2203,1861,0.09861,0.368826,10485760,10485760,24356376,132.28,107.6019,9.4526,0.0812,224.2939,108.3267,118.3854,122.8149,4.358,8.2103,135.501,,,,,,,B,50,0.1,18,5879,10
R-UDP,317.974087,0.2516,21660,10240,11420,19532,17624,8283,1142,2128,1908,0.09798,0.368267,10485760,10485760,24302520,131.77,107.395,9.7563,0.0799,208.7222,108.2302,118.4054,123.1729,4.3817,7.8798,115.4476,,,,,,,B,50,0.1,19,5880,10
R-UDP,307.666355,0.26,21010,10240,10770,18970,17070,7745,1077,2040,1900,0.098549,0.368273,10485760,10485760,23573220,124.81,107.7008,8.2648,1.2702,227.0792,108.1122,118.2989,122.8159,4.3543,8.0501,127.1517,,,,,,,B,50,0.1,20,5881,10
R-UDP,319.949454,0.25,21631,10240,11391,19465,17491,8195,1140,2166,1974,0.10074,0.369212,10485760,10485760,24269982,131.46,107.7784,8.6562,1.4977,213.9922,108.3693,118.663,122.3829,4.2732,7.9694,112.8446,,,,,,,B,50,0.1,21,5882,10
R-UDP,313.618371,0.2551,21213,10240,10973,19089,17239,7923,1098,2116,1850,0.098407,0.368659,10485760,10485760,23800986,126.98,107.2418,10.1145,0.4379,224.5201,108.2018,118.3396,122.477,4.5081,8.6198,131.7942,,,,,,,B,50,0.1,22,5883,10
R-UDP,318.967143,0.2508,21618,10240,11378,19470,17479,8185,1139,2148,1991,0.100735,0.369116,10485760,10485760,24255396,131.32,107.2569,9.4548,2.5216,219.7358,107.8727,118.3867,123.8607,4.3143,7.6542,113.6316,,,,,,,B,50,0.1,23,5884,10
R-UDP,313.764937,0.255,21320,10240,11080,19218,17376,8067,1108,2102,1842,0.097291,0.368132,10485760,10485760,23921040,128.13,107.3582,9.596,2.383,211.7469,108.0226,118.2167,122.4777,4.34,8.2205,110.8711,,,,,,,B,50,0.1,24,5885,10
R-UDP,312.357786,0.2561,21390,10240,11150,19286,17334,8046,1115,2104,1952,0.099715,0.36873,10485760,10485760,23999580,128.88,107.5397,10.0207,0.327,225.7228,108.3225,118.4843,122.8339,4.2766,7.9946,124.4846,,,,,,,B,50,0.1,25,5886,10
R-UDP,318.164489,0.2514,21696,10240,11456,19526,17511,8185,1147,2170,2015,0.101523,0.369401,10485760,10485760,24342912,132.15,107.5826,9.5999,0.3806,220.5165,108.2975,117.8881,122.9549,4.4211,8.363,132.6981,,,,,,,B,50,0.1,26,5887,10
R-UDP,323.212076,0.2475,22011,10240,11771,19725,17725,8406,1178,2286,2000,0.102693,0.370175,10485760,10485760,24696342,135.52,107.5008,9.955,0.0252,219.1166,108.1343,118.5117,122.7648,4.4934,8.5434,113.3341,,,,,,,B,50,0.1,27,5888,10
R-UDP,303.570499,0.2635,20810,10240,10570,18777,16902,7601,1057,2033,1875,0.098719,0.36839,10485760,10485760,23348820,122.67,107.9089,8.1058,1.0942,216.2449,108.4782,118.4339,122.8403,4.3638,7.9121,128.6413,,,,,,,B,50,0.1,28,5889,10
R-UDP,324.391423,0.2466,22030,10240,11790,19791,17853,8517,1179,2239,1938,0.099878,0.369173,10485760,10485760,24717660,135.73,107.3399,10.7594,0.302,220.4466,108.3321,118.3107,123.3391,4.3842,8.8732,117.0855,,,,,,,B,50,0.1,29,5890,10
R-UDP,317.306876,0.2521,21500,10240,11260,19363,17397,8108,1126,2137,1966,0.100409,0.369035,10485760,10485760,24123000,130.05,107.5351,9.3604,0.4981,207.4713,108.3624,118.2447,121.8987,4.3657,8.1339,126.3702,,,,,,,B,50,0.1,30,5891,10
TCP,23185.222661,0.0035,13403,10240,3163,10787,8616,3754,2453,2616,2171,0.197892,0.408553,10485760,10485760,14448434,37.79,212.6074,24.876,153.7834,450.4468,211.5662,235.335,356.5767,15.2096,29.6591,253.8395,710,2453,0,1.897332,3,2,C,100,0.2,1,3158,
TCP,16076.275976,0.005,13281,10240,3041,10708,8642,3766,2314,2573,2066,0.19338,0.407006,10485760,10485760,14316918,36.54,212.6911,27.1547,145.1227,438.529,211.0593,233.7935,392.3524,16.5242,33.5264,268.8602,727,2314,0,2.121848,3,2,C,100,0.2,2,3159,
TCP,24757.876225,0.0032,13452,10240,3212,10740,8603,3645,2552,2712,2137,0.200438,0.410184,10485760,10485760,14501256,38.29,212.4508,27.6896,147.5155,443.0145,210.9998,232.5227,396.6698,17.1043,34.6632,249.0743,660,2552,0,0.269411,4.71,2,C,100,0.2,3,3160,
TCP,21443.291749,0.0037,13369,10240,3129,10764,8585,3585,2450,2605,2179,0.198235,0.408613,10485760,10485760,14411782,37.44,212.3976,24.7593,151.5067,433.6233,210.7909,233.0771,374.3302,15.2,30.1933,230.2038,679,2450,0,0.259315,8.49,2,C,100,0.2,4,3161,
TCP,23684.568982,0.0034,13558,10240,3318,10817,8656,3779,2600,2741,2161,0.201108,0.410463,10485760,10485760,14615524,39.38,212.432,24.8057,145.6528,457.8083,211.3199,234.6566,271.9436,15.196,29.5888,291.9304,718,2600,0,0.25179,7.24,3.47,C,100,0.2,5,3162,
TCP,25117.860235,0.0032,13496,10240,3256,10775,8529,3565,2617,2721,2246,0.204648,0.411463,10485760,10485760,14548688,38.75,213.3308,30.0743,158.3818,464.7752,210.8017,235.2173,397.7462,18.4563,37.6074,256.7434,639,2617,0,2.20168,7,3.0,C,100,0.2,6,3163,
TCP,23588.594456,0.0034,13395,10240,3155,10709,8603,3766,2448,2686,2106,0.198805,0.409545,10485760,10485760,14439810,37.71,212.1422,24.5564,151.5019,440.3958,210.5568,233.9406,361.5609,15.0268,30.0852,257.1008,707,2448,0,1.985644,3,2,C,100,0.2,7,3164,
TCP,20036.022946,0.004,13350,10240,3110,10782,8585,3665,2419,2568,2197,0.197456,0.408045,10485760,10485760,14391300,37.25,212.4654,25.8709,158.3408,447.7626,210.9833,234.4786,381.7806,15.8447,31.8313,245.9368,691,2419,0,2.220392,3,2,C,100,0.2,8,3165,
TCP,21458.315393,0.0037,13356,10240,3116,10738,8605,3696,2428,2618,2133,0.197186,0.408453,10485760,10485760,14397768,37.31,212.2033,26.3618,160.5169,456.8367,210.694,233.0023,385.667,15.979,32.7948,255.1052,688,2428,0,1.020181,3,2,C,100,0.2,9,3166,
TCP,24011.394241,0.0033,13492,10240,3252,10750,8578,3540,2599,2742,2172,0.202706,0.411091,10485760,10485760,14544376,38.71,212.5233,25.5167,156.9498,445.9053,211.4296,234.7852,372.9205,15.6795,30.7425,245.7151,653,2599,0,1.057607,3,2,C,100,0.2,10,3167,
TCP,23786.083348,0.0034,13430,10240,3190,10717,8617,3683,2513,2713,2100,0.199321,0.409901,10485760,10485760,14477540,38.07,212.5113,24.5701,159.0033,446.065,211.2752,234.1184,362.3574,14.8367,29.7717,263.6988,677,2513,0,4.117327,2,2,C,100,0.2,11,3168,
TCP,26231.355681,0.003,13615,10240,3375,10805,8610,3608,2707,2810,2195,0.204955,0.412201,10485760,10485760,14676970,39.97,212.7964,26.9909,157.9082,451.7045,211.2704,233.4096,384.9554,16.5587,33.3601,269.5398,668,2707,0,0.257003,4.72,2,C,100,0.2,12,3169,
TCP,21171.361156,0.0038,13366,10240,3126,10744,8582,3602,2466,2622,2162,0.198424,0.408846,10485760,10485760,14408548,37.41,213.6998,27.496,160.3262,452.6217,211.8662,234.3813,396.844,16.5124,34.3864,249.9218,660,2466,0,0.262698,6.49,2.5,C,100,0.2,13,3170,
TCP,24170.71934,0.0033,13467,10240,3227,10776,8616,3711,2534,2691,2160,0.200099,0.409842,10485760,10485760,14517426,38.45,212.9734,25.6487,152.8872,457.0222,211.5298,234.0563,373.3808,15.3989,31.2,259.149,693,2534,0,60.0,4,2,C,100,0.2,14,3171,
TCP,23798.843027,0.0034,13535,10240,3295,10773,8625,3693,2629,2762,2148,0.201991,0.410986,10485760,10485760,14590730,39.15,212.3987,25.5113,159.3263,444.1786,210.9055,233.9371,380.0436,15.6274,31.4014,261.1777,666,2629,0,8.118047,2,2,C,100,0.2,15,3172,
TCP,16446.946647,0.0049,13234,10240,2994,10721,8545,3761,2285,2513,2176,0.195742,0.4072,10485760,10485760,14266252,36.05,212.9044,26.4623,159.7346,437.6401,211.343,234.8455,387.3401,15.7855,32.6127,246.8526,709,2285,0,0.262365,8.25,2,C,100,0.2,16,3173,
TCP,24222.828886,0.0033,13375,10240,3135,10752,8506,3656,2467,2623,2246,0.201807,0.409861,10485760,10485760,14418250,37.5,213.5465,27.3923,160.326,446.143,211.803,233.4497,393.4389,16.3985,34.03,262.4164,668,2467,0,0.517024,5,4.08,C,100,0.2,17,3174,
TCP,24297.620391,0.0033,13549,10240,3309,10780,8605,3636,2651,2769,2175,0.203214,0.411399,10485760,10485760,14605822,39.29,213.1829,27.9136,161.1082,439.2919,211.7232,233.6155,398.8055,17.0645,34.8368,255.7172,658,2651,0,0.499267,2,2.94,C,100,0.2,18,3175,
TCP,21738.224551,0.0037,13413,10240,3173,10760,8621,3763,2462,2653,2139,0.198238,0.409008,10485760,10485760,14459214,37.89,213.6049,29.2031,151.8261,450.1979,211.7914,234.7243,402.5839,17.1196,35.8495,264.065,711,2462,0,0.32751,8.73,3.36,C,100,0.2,19,3176,
TCP,20729.473486,0.0039,13389,10240,3149,10744,8663,3763,2458,2645,2081,0.195831,0.408251,10485760,10485760,14433342,37.65,212.1326,24.0774,157.1046,441.622,211.0545,232.0338,371.8784,14.9763,29.659,238.0567,691,2458,0,1.87009,7,2,C,100,0.2,20,3177,
TCP,22732.06034,0.0035,13459,10240,3219,10785,8610,3742,2526,2674,2175,0.200008,0.409661,10485760,10485760,14508802,38.37,212.3074,26.7825,157.6651,445.1285,210.5035,233.0948,388.9636,16.1696,33.1923,248.1648,693,2526,0,0.276147,7.31,3.72,C,100,0.2,21,3178,
TCP,22513.10309,0.0036,13407,10240,3167,10757,8622,3753,2482,2650,2135,0.198022,0.408925,10485760,10485760,14452746,37.83,213.6148,28.3555,158.2733,457.5007,211.9828,235.3646,396.1543,16.82,35.3044,273.9731,685,2482,0,0.527853,3,3.33,C,100,0.2,22,3179,
TCP,23602.89074,0.0034,13363,10240,3123,10753,8691,3761,2409,2610,2062,0.19373,0.407322,10485760,10485760,14405314,37.38,213.3483,26.6577,157.5641,446.475,211.4644,235.5029,386.6894,16.0875,33.4175,270.6839,714,2409,0,0.46807,2,2.83,C,100,0.2,23,3180,
TCP,22741.900819,0.0035,13499,10240,3259,10752,8675,3664,2576,2747,2077,0.19892,0.40998,10485760,10485760,14551922,38.78,212.4965,26.5793,155.0388,443.3999,210.9552,234.4651,386.3621,16.2207,32.4085,252.6968,683,2576,0,0.506924,6,3.51,C,100,0.2,24,3181,
TCP,23076.456378,0.0035,13544,10240,3304,10743,8632,3634,2647,2801,2111,0.202248,0.411434,10485760,10485760,14600432,39.24,212.5961,26.5021,151.768,471.7327,211.28,233.2082,386.0389,15.903,32.1611,296.8024,657,2647,0,1.950426,7.58,3.5,C,100,0.2,25,3182,
TCP,22875.289587,0.0035,13470,10240,3230,10775,8613,3640,2561,2695,2162,0.20033,0.409946,10485760,10485760,14520660,38.48,214.119,30.4682,157.3173,450.2083,211.053,234.9716,407.779,18.0036,38.3897,269.2804,669,2561,0,0.257582,7.65,3.61,C,100,0.2,26,3183,
TCP,20120.939895,0.004,13297,10240,3057,10727,8596,3693,2350,2570,2131,0.195679,0.407633,10485760,10485760,14334166,36.7,212.7868,26.1186,152.7853,453.0379,211.2261,234.5467,380.1281,15.7798,32.2367,258.9307,707,2350,0,15.581518,4,2,C,100,0.2,27,3184,
TCP,21246.816322,0.0038,13468,10240,3228,10760,8581,3705,2536,2708,2179,0.201709,0.410497,10485760,10485760,14518504,38.46,213.2868,28.9041,154.9863,460.6399,210.8674,235.0603,396.2155,17.8285,35.8185,267.6015,692,2536,0,0.321019,5.3,2,C,100,0.2,28,3185,
TCP,25668.971993,0.0031,13490,10240,3250,10823,8607,3742,2565,2667,2216,0.200839,0.409781,10485760,10485760,14542220,38.69,212.6651,26.137,162.5389,443.5489,210.6424,234.2897,391.6473,15.9905,32.1089,249.0696,685,2565,0,0.524601,3,2.97,C,100,0.2,29,3186,
TCP,21555.489954,0.0037,13419,10240,3179,10738,8679,3802,2472,2681,2059,0.196216,0.408667,10485760,10485760,14465682,37.96,212.0418,25.2781,155.905,454.4394,210.5385,234.2506,380.3154,15.691,30.6123,247.4247,707,2472,0,1.196828,2,2,C,100,0.2,30,3187,
R-UDP,1187.981908,0.0673,35589,10240,25349,28495,22854,14229,2539,7094,5641,0.198724,0.409361,10485760,10485760,39930858,280.81,214.5401,23.3953,0.8905,445.2153,215.5783,236.6772,246.167,11.346,23.6781,259.304,,,,,,,C,100,0.2,1,3158,10
R-UDP,1179.699924,0.0678,35858,10240,25618,28765,23060,14443,2564,7093,5705,0.198041,0.40895,10485760,10485760,40232676,283.69,214.5751,19.7632,1.8963,449.7724,215.2827,236.4475,246.482,10.7363,20.9516,240.9493,,,,,,,C,100,0.2,2,3159,10
R-UDP,1166.621555,0.0686,35131,10240,24891,28159,22519,13936,2493,6972,5640,0.199273,0.409409,10485760,10485760,39416982,275.91,214.8649,21.1859,1.1348,449.3735,215.743,236.2692,246.3829,11.2315,22.7919,264.6716,,,,,,,C,100,0.2,3,3160,10
R-UDP,1156.791607,0.0692,35666,10240,25426,28519,22940,14317,2545,7147,5579,0.198271,0.409366,10485760,10485760,40017252,281.63,213.457,23.8899,0.3821,439.0992,215.3608,235.9105,246.3496,10.8307,20.8856,250.7349,,,,,,,C,100,0.2,4,3161,10
R-UDP,1170.307537,0.0684,35210,10240,24970,28183,22528,13927,2497,7027,5655,0.200054,0.409795,10485760,10485760,39505620,276.75,214.8937,24.1552,1.044,460.4234,215.7686,237.3319,249.6295,11.7123,24.7387,260.1055,,,,,,,C,100,0.2,5,3162,10
R-UDP,1203.802632,0.0665,36297,10240,26057,28881,23106,14488,2606,7416,5775,0.202384,0.411139,10485760,10485760,40725234,288.39,214.3154,22.6113,1.107,452.3824,215.6148,235.8228,244.3936,11.3716,22.8191,410.2635,,,,,,,C,100,0.2,6,3163,10
R-UDP,1169.558343,0.0684,36380,10240,26140,29032,23293,14645,2616,7348,5739,0.20007,0.410123,10485760,10485760,40818360,289.27,214.1393,23.1077,0.5264,456.0078,215.3974,236.5059,246.1258,11.4655,23.2373,268.9407,,,,,,,C,100,0.2,7,3164,10
R-UDP,1217.913117,0.0657,36778,10240,26538,29305,23546,14939,2654,7473,5759,0.200233,0.410336,10485760,10485760,41264916,293.53,214.9858,20.5158,145.6557,462.0682,215.6146,236.2107,249.007,11.6673,23.0711,259.8853,,,,,,,C,100,0.2,8,3165,10
R-UDP,1145.202128,0.0699,34725,10240,24485,27889,22391,13808,2449,6836,5498,0.196985,0.408505,10485760,10485760,38961450,271.57,214.6558,22.9188,1.1929,453.0355,215.5344,236.9378,248.2417,11.1947,23.3389,276.0455,,,,,,,C,100,0.2,9,3166,10
R-UDP,1175.363372,0.0681,35871,10240,25631,28691,22891,14318,2566,7172,5800,0.200923,0.410175,10485760,10485760,40247262,283.83,214.217,22.835,1.2402,475.4529,215.4607,237.5006,246.8791,11.2143,22.3252,281.6749,,,,,,,C,100,0.2,10,3167,10
R-UDP,1180.556884,0.0678,35749,10240,25509,28641,22992,14371,2555,7108,5649,0.198121,0.409112,10485760,10485760,40110378,282.52,214.2103,23.7204,0.3326,457.6509,215.374,237.159,247.8657,11.4403,23.214,257.4413,,,,,,,C,100,0.2,11,3168,10
R-UDP,1210.567181,0.0661,35978,10240,25738,28767,22946,14354,2578,7211,5821,0.201282,0.410282,10485760,10485760,40367316,284.97,214.4271,22.9853,0.6807,464.3283,215.1018,235.7827,248.4536,11.7102,24.2714,288.0991,,,,,,,C,100,0.2,12,3169,10
R-UDP,1187.65539,0.0674,36205,10240,25965,28983,23248,14647,2598,7222,5735,0.198764,0.409392,10485760,10485760,40622010,287.4,214.6287,22.2222,0.0411,452.5904,215.3782,235.7989,247.1665,11.6523,24.1749,260.7845,,,,,,,C,100,0.2,13,3170,10
R-UDP,1155.875081,0.0692,35312,10240,25072,28230,22400,13909,2508,7082,5830,0.203204,0.410882,10485760,10485760,39620064,277.85,213.8447,22.6093,7.8406,447.9969,215.0824,236.0403,245.4718,11.2612,22.5682,387.3291,,,,,,,C,100,0.2,14,3171,10
R-UDP,1192.432204,0.0671,36190,10240,25950,28904,23136,14512,2596,7286,5768,0.200541,0.410178,10485760,10485760,40605180,287.24,213.5516,25.1285,0.086,444.8122,214.58,235.7891,245.7983,11.663,25.0836,418.2899,,,,,,,C,100,0.2,15,3172,10
R-UDP,1156.974191,0.0691,36121,10240,25881,28944,23224,14644,2589,7177,5720,0.198217,0.409122,10485760,10485760,40527762,286.5,213.5269,24.181,0.5087,447.8708,215.0588,236.2148,246.1887,11.403,23.1493,393.2647,,,,,,,C,100,0.2,16,3173,10
R-UDP,1160.675507,0.0689,35395,10240,25155,28327,22582,14032,2517,7060,5745,0.200951,0.41012,10485760,10485760,39713190,278.73,213.5729,25.409,0.1078,452.9897,215.2319,235.2317,244.8278,11.3758,24.3139,260.8976,,,,,,,C,100,0.2,17,3174,10
R-UDP,1206.606084,0.0663,36334,10240,26094,28957,23068,14510,2611,7377,5888,0.203167,0.411209,10485760,10485760,40766748,288.78,213.463,24.7586,0.2713,460.5922,215.1762,236.0275,245.3418,11.1613,23.0588,380.3851,,,,,,,C,100,0.2,18,3175,10
R-UDP,1119.512922,0.0715,34131,10240,23891,27461,21964,13397,2390,6662,5497,0.197412,0.408481,10485760,10485760,38294982,265.21,213.5171,28.3775,0.0874,458.1911,215.4389,236.4018,246.9446,11.2524,24.576,249.2687,,,,,,,C,100,0.2,19,3176,10
R-UDP,1136.52788,0.0704,35214,10240,24974,28294,22738,14167,2499,6911,5556,0.196306,0.408297,10485760,10485760,39510108,276.8,214.1368,24.1106,2.8202,450.0274,215.3203,235.5499,245.7844,11.6089,24.4413,251.8784,,,,,,,C,100,0.2,20,3177,10
R-UDP,1206.111844,0.0663,35946,10240,25706,28788,22977,14370,2575,7158,5811,0.200343,0.409823,10485760,10485760,40331412,284.63,214.9085,21.3942,0.4072,450.8522,215.3764,235.9113,245.7486,11.4241,23.8769,253.8268,,,,,,,C,100,0.2,21,3178,10
R-UDP,1185.419885,0.0675,35693,10240,25453,28621,22909,14331,2546,7072,5712,0.198775,0.409215,10485760,10485760,40047546,281.92,214.364,22.9443,2.7041,460.8284,215.3622,235.6692,246.0899,11.5059,23.583,274.7092,,,,,,,C,100,0.2,22,3179,10
R-UDP,1190.212976,0.0672,35792,10240,25552,28679,22966,14363,2557,7113,5713,0.198942,0.409346,10485760,10485760,40158624,282.98,214.6668,23.2066,0.1783,467.1093,215.049,236.4797,246.7859,11.7976,25.3132,387.4106,,,,,,,C,100,0.2,23,3180,10
R-UDP,1230.406422,0.065,35989,10240,25749,28796,23033,14418,2581,7193,5763,0.199985,0.409813,10485760,10485760,40379658,285.09,214.2096,23.6796,0.0946,457.6207,215.2506,235.2956,246.0136,11.8952,24.6954,269.4332,,,,,,,C,100,0.2,24,3181,10
R-UDP,1123.772647,0.0712,34867,10240,24627,27790,22270,13709,2464,7077,5520,0.201047,0.410553,10485760,10485760,39120774,273.08,213.9552,24.4892,0.3545,449.5569,215.6656,235.8215,247.1458,11.4138,24.3623,436.3487,,,,,,,C,100,0.2,25,3182,10
R-UDP,1192.537673,0.0671,35621,10240,25381,28527,22696,14180,2540,7094,5831,0.201487,0.410172,10485760,10485760,39966762,281.15,213.7659,23.4786,0.7569,451.5105,215.3612,235.6531,246.0976,11.4277,22.8771,267.348,,,,,,,C,100,0.2,26,3183,10
R-UDP,1119.58296,0.0715,34782,10240,24542,27997,22501,13921,2455,6785,5496,0.195623,0.407856,10485760,10485760,39025404,272.18,214.4339,22.8274,0.0491,451.7567,215.4413,236.3677,248.2035,11.3554,22.8936,410.4245,,,,,,,C,100,0.2,27,3184,10
R-UDP,1168.319703,0.0685,35790,10240,25550,28670,22932,14365,2556,7120,5738,0.199473,0.409534,10485760,10485760,40156380,282.96,214.8551,19.8582,1.832,445.7637,215.3729,236.4448,248.1701,10.9669,21.6418,259.3546,,,,,,,C,100,0.2,28,3185,10
R-UDP,1185.30918,0.0675,35472,10240,25232,28394,22653,14072,2525,7078,5741,0.200717,0.409991,10485760,10485760,39799584,279.56,214.9282,22.1917,0.9806,441.7154,215.5823,236.6863,247.9237,11.5971,23.9201,251.7608,,,,,,,C,100,0.2,29,3186,10
R-UDP,1144.124915,0.0699,35348,10240,25108,28316,22777,14166,2512,7032,5539,0.197459,0.408926,10485760,10485760,39660456,278.23,213.9305,23.7107,0.041,461.4758,215.3093,235.9429,246.6115,11.6702,24.7108,392.0534,,,,,,,C,100,0.2,30,3187,10
TCP,63974.849153,0.0013,14857,10240,4617,11127,8345,3225,4144,3730,2782,0.250616,0.432783,10485760,10485760,16015846,52.74,266.6306,39.9185,190.4458,554.0735,262.5753,290.4975,509.5027,24.9843,50.8056,319.3824,473,4144,0,0.313292,6.49,2,D_estresse,125,0.25,1,6110,
TCP,63187.434317,0.0013,14844,10240,4604,11148,8326,3238,4131,3696,2822,0.250769,0.432543,10485760,10485760,16001832,52.61,267.3694,43.7841,202.4542,567.5003,262.9746,294.22,517.3755,27.6085,55.2637,345.3462,473,4131,0,3.802632,4,2,D_estresse,125,0.25,2,6111,
TCP,72904.133979,0.0011,14962,10240,4722,11210,8357,3230,4258,3752,2853,0.252369,0.433317,10485760,10485760,16129036,53.82,266.4846,39.3215,198.7683,560.2307,263.5409,290.3872,507.6003,24.7852,49.2841,341.9809,464,4258,0,1.853595,5,3.5,D_estresse,125,0.25,3,6112,
TCP,66191.233231,0.0012,14841,10240,4601,11062,8375,3322,4107,3779,2687,0.249624,0.43296,10485760,10485760,15998598,52.57,267.2406,39.9525,197.0265,544.9266,263.6631,294.7741,510.9475,25.2494,51.0329,330.6693,494,4107,0,0.691478,2,2.12,D_estresse,125,0.25,4,6113,
TCP,61361.182392,0.0013,14727,10240,4487,11095,8361,3222,3988,3632,2734,0.246534,0.430828,10485760,10485760,15875706,51.4,267.1237,38.896,200.6245,576.7917,263.6587,293.6737,512.1419,24.1663,49.2037,316.101,499,3988,0,10.649682,3,2,D_estresse,125,0.25,5,6114,
TCP,66231.880718,0.0012,14921,10240,4681,11141,8360,3256,4198,3780,2781,0.251746,0.433473,10485760,10485760,16084838,53.4,267.6366,41.6994,198.2884,571.9454,263.1753,294.9062,512.9778,26.298,52.7872,326.7946,483,4198,0,0.326708,8.07,2,D_estresse,125,0.25,6,6115,
TCP,58809.545984,0.0014,14732,10240,4492,11060,8298,3241,4022,3672,2762,0.249457,0.43215,10485760,10485760,15881096,51.45,267.3129,40.1229,196.895,558.7232,263.3542,294.3267,514.9234,25.4481,50.7258,319.0253,470,4022,0,0.601706,2,2,D_estresse,125,0.25,7,6116,
TCP,61568.243014,0.0013,14750,10240,4510,11103,8397,3190,4055,3647,2706,0.245736,0.430657,10485760,10485760,15900500,51.64,266.951,40.6328,206.9056,562.7389,262.8312,293.6001,510.7751,24.8435,51.7329,318.6245,455,4055,0,22.656033,2,2,D_estresse,125,0.25,8,6117,
TCP,67306.717342,0.0012,14776,10240,4536,11118,8296,3175,4050,3658,2822,0.250251,0.432173,10485760,10485760,15928528,51.91,266.4303,40.7586,197.0436,557.9041,262.5773,293.0535,511.2037,26.0038,51.4902,318.2514,486,4050,0,0.752573,4,2.6,D_estresse,125,0.25,9,6118,
TCP,68120.030054,0.0012,14876,10240,4636,11149,8349,3082,4212,3727,2800,0.250797,0.432769,10485760,10485760,16036328,52.93,265.642,38.5762,196.4503,573.4451,262.1166,292.9441,505.5576,23.7668,48.654,347.6122,424,4212,0,0.324794,7.53,3.3,D_estresse,125,0.25,10,6119,
TCP,65284.583142,0.0012,14735,10240,4495,11074,8280,3244,4021,3661,2794,0.250107,0.432251,10485760,10485760,15884330,51.48,266.3047,37.7306,195.3511,561.8072,262.9946,291.4279,509.9839,23.4576,47.3604,325.5792,474,4021,0,42.216816,2,2,D_estresse,125,0.25,11,6120,
TCP,59377.604377,0.0013,14687,10240,4447,11096,8327,3321,3941,3591,2769,0.246674,0.430578,10485760,10485760,15832586,50.99,267.7716,41.6873,193.574,571.9309,263.8151,295.6031,516.8232,25.8133,52.2499,346.568,506,3941,0,2.407619,2,2,D_estresse,125,0.25,12,6121,
TCP,65913.547929,0.0012,14760,10240,4520,11087,8332,3326,4038,3673,2755,0.248694,0.431844,10485760,10485760,15911280,51.74,265.22,36.3377,196.8944,560.6444,261.26,292.1862,498.3353,22.543,45.4457,327.4579,482,4038,0,0.348709,4.45,2,D_estresse,125,0.25,13,6122,
TCP,60896.777279,0.0013,14547,10240,4307,11078,8277,3319,3780,3469,2801,0.244683,0.42909,10485760,10485760,15681666,49.55,267.357,39.0555,204.5433,557.0999,263.5667,294.3272,516.0435,24.3569,49.0116,314.7939,527,3780,0,1.584564,3,2,D_estresse,125,0.25,14,6123,
TCP,66493.414644,0.0012,14825,10240,4585,11150,8369,3373,4063,3675,2781,0.248547,0.431662,10485760,10485760,15981350,52.41,266.4383,37.6683,200.1031,565.464,262.9131,293.1749,500.3788,23.695,47.1827,301.1384,522,4063,0,1.640821,3,2,D_estresse,125,0.25,15,6124,
TCP,71343.483573,0.0011,14988,10240,4748,11220,8379,3264,4276,3768,2841,0.252175,0.433342,10485760,10485760,16157064,54.09,265.6066,36.5713,193.551,556.7649,262.0894,292.6473,498.5818,23.3757,45.4051,309.246,472,4276,0,1.253305,5,2,D_estresse,125,0.25,16,6125,
TCP,66168.824557,0.0012,14714,10240,4474,11098,8287,3233,4018,3616,2811,0.248993,0.431508,10485760,10485760,15861692,51.27,267.2387,40.388,199.8713,578.7711,262.779,293.5443,514.0338,25.3455,51.0748,321.3909,456,4018,0,1.32884,5,2,D_estresse,125,0.25,17,6126,
TCP,64295.584968,0.0012,14880,10240,4640,11144,8350,3193,4169,3736,2794,0.250922,0.432885,10485760,10485760,16040640,52.98,265.6519,37.1524,192.4659,565.0377,262.7025,292.374,504.4146,23.5503,46.176,329.9676,471,4169,0,0.599045,6,3.23,D_estresse,125,0.25,18,6127,
TCP,61401.52414,0.0013,14746,10240,4506,11108,8417,3354,3979,3638,2691,0.244798,0.430276,10485760,10485760,15896188,51.6,266.4357,38.8293,205.7337,561.9023,263.6257,292.7168,512.6477,23.6643,48.4983,297.6846,527,3979,0,2.572857,2,2,D_estresse,125,0.25,19,6128,
TCP,60151.870036,0.0013,14670,10240,4430,11094,8298,3268,3923,3576,2796,0.247322,0.430685,10485760,10485760,15814260,50.82,266.6386,41.2292,185.2081,573.8898,262.3217,293.28,512.3875,25.8464,51.759,343.8097,507,3923,0,2.582922,2,2,D_estresse,125,0.25,20,6129,
TCP,73780.68002,0.0011,14932,10240,4692,11150,8387,3303,4196,3782,2763,0.250939,0.433201,10485760,10485760,16096696,53.51,266.4512,37.8587,196.6354,584.3352,262.8417,294.7787,509.4229,23.6458,47.2083,341.8203,496,4196,0,1.438858,2,2,D_estresse,125,0.25,21,6130,
TCP,67690.320786,0.0012,14876,10240,4636,11121,8313,3259,4163,3755,2808,0.252452,0.433576,10485760,10485760,16036328,52.93,266.227,40.1749,197.4427,554.3289,262.2655,295.2555,511.4688,25.9697,50.691,313.6651,473,4163,0,4.743029,2,2,D_estresse,125,0.25,22,6131,
TCP,64736.885426,0.0012,14798,10240,4558,11139,8370,3193,4078,3659,2769,0.247831,0.431341,10485760,10485760,15952244,52.13,266.3091,39.5265,194.5169,558.6773,263.1735,293.3021,507.3134,24.5344,49.2303,305.5815,480,4078,0,41.154348,2,2,D_estresse,125,0.25,23,6132,
TCP,69124.345692,0.0012,14950,10240,4710,11164,8397,3323,4202,3786,2767,0.250938,0.433195,10485760,10485760,16116100,53.7,265.8758,38.5507,176.9757,574.9024,262.8264,292.2379,506.7297,24.1526,47.6404,320.5798,508,4202,0,60.0,4,2,D_estresse,125,0.25,24,6133,
TCP,59961.524839,0.0013,14707,10240,4467,11104,8292,3211,3981,3603,2812,0.248537,0.431252,10485760,10485760,15854146,51.2,266.5194,39.344,201.5457,554.8984,262.4064,292.7946,506.563,24.432,49.6084,315.7274,486,3981,0,2.527795,3,2.5,D_estresse,125,0.25,25,6134,
TCP,73694.422421,0.0011,15037,10240,4797,11218,8328,3082,4374,3819,2890,0.255532,0.434809,10485760,10485760,16209886,54.59,266.9084,41.7165,199.9965,587.0441,262.3041,291.624,509.6944,26.4542,52.6419,358.5792,423,4374,0,43.602488,4,2,D_estresse,125,0.25,26,6135,
TCP,62189.700158,0.0013,14746,10240,4506,11077,8345,3352,3983,3669,2732,0.24788,0.431573,10485760,10485760,15896188,51.6,267.9976,44.224,194.951,594.8302,262.7465,296.48,521.7244,27.4838,55.402,370.4656,523,3983,0,9.68671,2,2,D_estresse,125,0.25,27,6136,
TCP,70437.848643,0.0011,14832,10240,4592,11128,8324,3361,4078,3704,2804,0.250693,0.432622,10485760,10485760,15988896,52.48,267.4966,40.6666,196.3807,557.1492,263.1284,294.8505,509.3706,25.5336,51.1152,305.1315,514,4078,0,0.350163,6.1,2,D_estresse,125,0.25,28,6137,
TCP,73115.584197,0.0011,14916,10240,4676,11168,8456,3284,4187,3748,2712,0.247661,0.431847,10485760,10485760,16079448,53.35,265.3335,33.4963,193.3032,585.5388,262.9475,292.3015,492.94,20.9256,41.1714,321.8309,489,4187,0,0.302784,5.76,2.35,D_estresse,125,0.25,29,6138,
TCP,73170.850334,0.0011,14935,10240,4695,11191,8390,3321,4185,3744,2801,0.250517,0.432698,10485760,10485760,16099930,53.54,266.7913,40.2454,196.4308,563.9884,262.4536,295.3468,506.8716,24.9852,50.6309,308.7229,510,4185,0,21.68316,2,2,D_estresse,125,0.25,30,6139,
R-UDP,1915.22622,0.0418,45251,10240,35011,34019,25541,17173,3502,11232,8478,0.248644,0.431739,10485760,10485760,50771622,384.2,267.4588,30.5823,0.9938,576.299,268.3161,295.1337,311.7347,16.2793,33.1985,326.1032,,,,,,,D_estresse,125,0.25,1,6110,10
R-UDP,1907.491771,0.0419,45135,10240,34895,33848,25415,17144,3492,11287,8433,0.249674,0.432336,10485760,10485760,50641470,382.95,267.5285,30.7216,2.4209,574.8953,268.0264,294.8977,310.3135,15.9827,32.7977,329.5238,,,,,,,D_estresse,125,0.25,2,6111,10
R-UDP,1939.548146,0.0412,44209,10240,33969,33180,24837,16573,3398,11029,8343,0.25032,0.432463,10485760,10485760,49602498,373.05,267.4162,27.6931,0.8122,571.9034,268.085,294.8823,308.8403,15.9145,30.0677,323.2749,,,,,,,D_estresse,125,0.25,3,6112,10
R-UDP,1913.355738,0.0418,44662,10240,34422,33562,25164,16874,3445,11100,8398,0.249259,0.431984,10485760,10485760,50110764,377.89,267.7845,28.5049,2.8459,580.9212,267.6951,294.6422,308.2443,16.3166,32.3261,317.1591,,,,,,,D_estresse,125,0.25,4,6113,10
R-UDP,1936.16805,0.0413,45038,10240,34798,33758,25432,17081,3483,11272,8326,0.248718,0.43211,10485760,10485760,50532636,381.92,267.1572,32.8022,1.7374,572.8643,268.2993,295.2243,309.9863,16.599,33.5312,346.6936,,,,,,,D_estresse,125,0.25,5,6114,10
R-UDP,1957.965185,0.0409,45815,10240,35575,34122,25585,17305,3558,11684,8537,0.252962,0.434175,10485760,10485760,51404430,390.23,267.3524,30.4144,1.7752,564.524,267.8299,294.9453,309.2525,16.7137,33.5682,336.7525,,,,,,,D_estresse,125,0.25,6,6115,10
R-UDP,1858.854305,0.043,44850,10240,34610,33636,25269,16906,3463,11214,8367,0.249484,0.432268,10485760,10485760,50321700,379.91,267.3607,30.2972,0.0333,552.8968,268.5529,294.9014,309.3444,16.3641,32.8917,308.1511,,,,,,,D_estresse,125,0.25,7,6116,10
R-UDP,1895.84399,0.0422,44334,10240,34094,33290,25104,16783,3411,11039,8186,0.247668,0.431567,10485760,10485760,49742748,374.38,267.0384,31.9539,0.7514,583.9352,267.7969,294.3496,310.5929,16.9506,33.9403,325.7915,,,,,,,D_estresse,125,0.25,8,6117,10
R-UDP,1894.546818,0.0422,44026,10240,33786,32974,24710,16345,3384,11045,8264,0.250766,0.432858,10485760,10485760,49397172,371.09,267.2596,28.9249,0.2928,560.1147,267.6014,294.1671,308.549,15.8412,31.2125,361.2629,,,,,,,D_estresse,125,0.25,9,6118,10
R-UDP,1885.34474,0.0424,44573,10240,34333,33235,24841,16542,3435,11338,8394,0.253599,0.434227,10485760,10485760,50010906,376.94,266.5402,30.8135,0.6517,568.4054,267.2413,293.9586,308.8146,16.4833,33.969,332.2474,,,,,,,D_estresse,125,0.25,10,6119,10
R-UDP,1888.671697,0.0424,44609,10240,34369,33298,24938,16607,3438,11305,8360,0.252416,0.43375,10485760,10485760,50051298,377.33,267.4942,28.6384,0.3754,563.9812,267.6973,293.4399,310.9461,16.2422,32.3459,337.5825,,,,,,,D_estresse,125,0.25,11,6120,10
R-UDP,1873.293404,0.0427,44865,10240,34625,33756,25400,17093,3463,11109,8356,0.24758,0.431307,10485760,10485760,50338530,380.07,267.5428,27.3956,4.6377,582.5827,267.9367,294.365,307.3394,16.0807,30.8995,329.0499,,,,,,,D_estresse,125,0.25,12,6121,10
R-UDP,1982.47804,0.0404,45750,10240,35510,34324,25676,17357,3551,11426,8648,0.250693,0.432624,10485760,10485760,51331500,389.54,267.7776,29.0644,3.2776,583.1996,267.9694,295.0982,312.7727,16.5459,32.2534,359.0407,,,,,,,D_estresse,125,0.25,13,6122,10
R-UDP,1871.915729,0.0427,43624,10240,33384,32831,24565,16335,3339,10785,8266,0.249179,0.431835,10485760,10485760,48946128,366.79,267.6828,27.9418,9.5939,569.6151,268.1547,294.5322,311.1327,15.9161,30.9556,319.5125,,,,,,,D_estresse,125,0.25,14,6123,10
R-UDP,1856.402405,0.0431,43427,10240,33187,32618,24525,16189,3320,10809,8093,0.248563,0.431809,10485760,10485760,48725094,364.68,268.0941,28.422,0.5511,588.7126,268.778,294.5367,307.6329,15.9008,31.7203,305.5978,,,,,,,D_estresse,125,0.25,15,6124,10
R-UDP,1920.557749,0.0417,44540,10240,34300,33245,24891,16560,3431,11295,8354,0.252607,0.433792,10485760,10485760,49973880,376.59,267.1158,29.3629,3.358,559.4246,267.3508,294.0033,307.96,16.1107,32.4569,489.7376,,,,,,,D_estresse,125,0.25,16,6125,10
R-UDP,1895.196695,0.0422,44033,10240,33793,33071,24754,16431,3380,10962,8317,0.250039,0.432298,10485760,10485760,49405026,371.16,267.0319,32.9836,1.581,570.7596,267.7399,296.2787,313.2821,16.8462,34.6432,461.2028,,,,,,,D_estresse,125,0.25,17,6126,10
R-UDP,1883.36273,0.0425,44380,10240,34140,33260,24798,16510,3414,11113,8462,0.252125,0.433238,10485760,10485760,49794360,374.88,267.3015,26.5551,0.4328,571.1671,268.1449,293.9605,307.372,15.7704,29.5461,308.5235,,,,,,,D_estresse,125,0.25,18,6127,10
R-UDP,1912.730054,0.0418,43675,10240,33435,32872,24667,16288,3344,10803,8205,0.248318,0.431511,10485760,10485760,49003350,367.33,267.9897,32.0382,0.4625,572.845,268.1823,296.2598,311.1977,16.8303,35.2874,368.872,,,,,,,D_estresse,125,0.25,19,6128,10
R-UDP,1919.579421,0.0417,44347,10240,34107,33322,25094,16733,3413,11017,8228,0.247782,0.431546,10485760,10485760,49757334,374.52,267.8031,29.9691,1.7396,606.675,267.7669,295.2283,311.5642,16.5234,33.5857,353.2603,,,,,,,D_estresse,125,0.25,20,6129,10
R-UDP,1870.914645,0.0428,43982,10240,33742,33033,24846,16525,3375,10949,8187,0.248471,0.431784,10485760,10485760,49347804,370.62,266.7413,28.9887,2.2581,569.1365,268.184,295.2045,308.7195,15.4628,28.9641,332.2579,,,,,,,D_estresse,125,0.25,21,6130,10
R-UDP,1899.431864,0.0421,44581,10240,34341,33414,25176,16827,3438,11167,8238,0.248798,0.432108,10485760,10485760,50019882,377.03,266.5036,29.5555,1.8691,573.4173,266.696,293.8456,310.4805,16.4096,32.7705,326.8817,,,,,,,D_estresse,125,0.25,22,6131,10
R-UDP,1800.577805,0.0444,42742,10240,32502,32228,24190,15939,3251,10501,8038,0.247286,0.431041,10485760,10485760,47956524,357.35,266.9132,31.7196,0.1984,550.1481,268.4598,294.1468,306.8582,16.1566,32.928,530.1564,,,,,,,D_estresse,125,0.25,23,6132,10
R-UDP,1884.874066,0.0424,44937,10240,34697,33697,25352,17061,3471,11233,8345,0.248976,0.432145,10485760,10485760,50419314,380.84,265.9018,33.3491,0.0289,577.1497,266.8393,294.8064,311.5144,17.4682,35.6566,335.3408,,,,,,,D_estresse,125,0.25,24,6133,10
R-UDP,1867.667937,0.0428,43678,10240,33438,32810,24517,16257,3346,10868,8293,0.25051,0.432434,10485760,10485760,49006716,367.36,267.4378,28.4941,0.9813,560.9565,268.2193,293.6828,310.1869,15.6923,30.5292,329.2719,,,,,,,D_estresse,125,0.25,25,6134,10
R-UDP,1939.992108,0.0412,44093,10240,33853,32898,24715,16374,3388,11189,8182,0.251601,0.433534,10485760,10485760,49472346,371.81,267.7632,28.1362,0.1751,566.4806,268.3694,294.6421,308.9573,16.1148,31.9685,339.3432,,,,,,,D_estresse,125,0.25,26,6135,10
R-UDP,1872.368403,0.0427,44132,10240,33892,33064,24844,16489,3391,11068,8220,0.249858,0.432497,10485760,10485760,49516104,372.22,267.7494,27.2019,0.8256,585.6603,267.8113,294.9606,309.1327,15.9522,30.4649,332.4984,,,,,,,D_estresse,125,0.25,27,6136,10
R-UDP,1978.990427,0.0404,45632,10240,35392,34087,25529,17242,3540,11539,8558,0.252098,0.433566,10485760,10485760,51199104,388.27,267.6762,27.4611,1.8096,576.5284,267.8878,294.0172,309.3536,16.388,31.6806,352.509,,,,,,,D_estresse,125,0.25,28,6137,10
R-UDP,1876.935862,0.0426,43977,10240,33737,32919,24753,16479,3378,11058,8166,0.25,0.432636,10485760,10485760,49342194,370.56,267.4692,29.5039,1.0601,568.5171,268.5525,293.8348,308.6202,16.2876,32.7104,341.2839,,,,,,,D_estresse,125,0.25,29,6138,10
R-UDP,1910.527431,0.0419,44683,10240,34443,33332,25185,16841,3445,11343,8147,0.249824,0.432975,10485760,10485760,50134326,378.12,267.9077,31.2624,3.2152,560.533,268.092,295.0984,312.0881,16.5261,34.5547,311.819,,,,,,,D_estresse,125,0.25,30,6139,10
